{
  "analisis_1_inicializacion": {
    "first": {
      "iter_media": 23.5,
      "wcd_media": 344.8207877919319,
      "t_medio_ms": 14.15860652923584
    },
    "random": {
      "iter_media": 21.06,
      "wcd_media": 342.52561406031083,
      "t_medio_ms": 12.366890907287598
    }
  },
  "analisis_2_k_knn": {
    "1": {
      "accuracy": 91.89189189189189,
      "tiempo_s": 7.188119888305664
    },
    "3": {
      "accuracy": 90.24676850763807,
      "tiempo_s": 7.029879093170166
    },
    "5": {
      "accuracy": 89.0716803760282,
      "tiempo_s": 7.032266855239868
    },
    "7": {
      "accuracy": 89.42420681551117,
      "tiempo_s": 6.973719120025635
    },
    "9": {
      "accuracy": 88.01410105757932,
      "tiempo_s": 6.948896646499634
    },
    "11": {
      "accuracy": 87.77908343125735,
      "tiempo_s": 6.968244314193726
    }
  },
  "analisis_3_criterio_bestK": {
    "10": {
      "K_media": 6.9,
      "K_min": 4,
      "K_max": 8
    },
    "15": {
      "K_media": 6.366666666666666,
      "K_min": 4,
      "K_max": 8
    },
    "20": {
      "K_media": 5.6,
      "K_min": 3,
      "K_max": 7
    },
    "25": {
      "K_media": 4.966666666666667,
      "K_min": 3,
      "K_max": 7
    },
    "30": {
      "K_media": 4.4,
      "K_min": 3,
      "K_max": 6
    }
  },
  "analisis_4_normalizacion": {
    "sin normalizar": {
      "accuracy": 90.24676850763807,
      "tiempo_s": 7.2706780433654785
    },
    "con Min-Max": {
      "accuracy": 90.24676850763807,
      "tiempo_s": 7.144826889038086
    }
  }
}