{
  "analisis_1_inicializacion": {
    "first": {
      "iter_media": 23.5,
      "wcd_media": 344.8207877919319,
      "t_medio_ms": 13.313183784484863
    },
    "random": {
      "iter_media": 21.06,
      "wcd_media": 342.52561406031083,
      "t_medio_ms": 11.73776626586914
    }
  },
  "analisis_2_k_knn": {
    "1": {
      "accuracy": 91.89189189189189,
      "tiempo_s": 7.062665939331055
    },
    "3": {
      "accuracy": 90.24676850763807,
      "tiempo_s": 7.0625200271606445
    },
    "5": {
      "accuracy": 89.0716803760282,
      "tiempo_s": 7.015813827514648
    },
    "7": {
      "accuracy": 89.42420681551117,
      "tiempo_s": 7.234321117401123
    },
    "9": {
      "accuracy": 88.01410105757932,
      "tiempo_s": 6.984701871871948
    },
    "11": {
      "accuracy": 87.77908343125735,
      "tiempo_s": 7.050607919692993
    }
  },
  "analisis_3_criterio_bestK": {
    "10": {
      "K_media": 6.9,
      "K_min": 4,
      "K_max": 8
    },
    "15": {
      "K_media": 6.366666666666666,
      "K_min": 4,
      "K_max": 8
    },
    "20": {
      "K_media": 5.6,
      "K_min": 3,
      "K_max": 7
    },
    "25": {
      "K_media": 4.966666666666667,
      "K_min": 3,
      "K_max": 7
    },
    "30": {
      "K_media": 4.4,
      "K_min": 3,
      "K_max": 6
    }
  },
  "analisis_4_caracteristicas": {
    "gris": {
      "dims": 4800,
      "accuracy": 90.24676850763807,
      "tiempo_s": 7.1915998458862305
    },
    "rgb": {
      "dims": 14400,
      "accuracy": 89.77673325499413,
      "tiempo_s": 20.014090061187744
    },
    "histograma": {
      "dims": 32,
      "accuracy": 52.52643948296122,
      "tiempo_s": 0.5197491645812988
    }
  }
}